<?xml version="1.0" encoding="UTF-8" ?>
<!DOCTYPE configuration
  PUBLIC "-//mybatis.org//DTD Config 3.0//EN"
  "http://mybatis.org/dtd/mybatis-3-config.dtd">
  
<configuration>

	<settings>
		<setting name="jdbcTypeForNull" value="NULL"/>
		<setting name="logImpl" value="STDOUT_LOGGING"/>
	</settings>
	
	<typeAliases>
		<package name="com.sample.vo"/>
	</typeAliases>

	<!-- 데이터베이스 연결정보 설정 -->
	<environments default="development">
		<environment id="development">
			<transactionManager type="JDBC" />
			<dataSource type="POOLED">
				<property name="driver" value="oracle.jdbc.OracleDriver" />
				<property name="url" value="jdbc:oracle:thin:@localhost:1521:xe" />
				<property name="username" value="hr" />
				<property name="password" value="zxcv1234" />
			</dataSource>
		</environment>
	</environments>
	
	<!-- 사용자정의 매퍼파일 등록 -->
	<mappers>
		<mapper resource="mybatis/mappers/repositories.xml"/>
	</mappers>
</configuration>